url,source_file,locale,page_type,indexability,canonical,primary_keyword,search_intent,title_current,title_proposed,h1_current,h1_proposed,meta_description_current,meta_description_proposed,primary_cta_current,primary_cta_proposed,content_action,hreflang_status,internal_link_action,proof_needed,notes
/,client/i18n/content/home.ts,en,Homepage,Indexable,https://digitalfacemarketing.com/,patient acquisition system for clinics,Commercial,DigitalFace Marketing | Patient acquisition and booking systems,Patient Acquisition & Booking Systems for Clinics | DigitalFace Marketing,We turn patient inquiries into booked appointments.,unchanged,"DigitalFace installs and manages the advertising, follow-up, bilingual AI conversations and booking system behind dental practices, aesthetic medicine and med spas.","DigitalFace installs and runs the advertising, instant follow-up, bilingual AI conversations and booking system behind dental practices, aesthetic medicine clinics and med spas in the US and Latin America. Book a call to see it on your numbers.",Book a call,unchanged,Metadata only. Body copy already outcome-first and evidence-bounded.,"OK: en / es / x-default, reciprocal",No change needed. Links to all three funnels + all corporate pages.,No,Title now leads with the buyer's search term instead of the brand. Market (US + LATAM) added to the description.
/es,client/i18n/content/home.ts,es,Homepage,Indexable,https://digitalfacemarketing.com/es,captación de pacientes para clínicas,Commercial,DigitalFace Marketing | Sistemas de captación y agendamiento de pacientes,Captación de Pacientes y Agendamiento para Clínicas | DigitalFace Marketing,Convertimos consultas de pacientes en citas agendadas.,unchanged,"DigitalFace instala y administra la pauta, el seguimiento inmediato, las conversaciones bilingües con IA y el agendamiento de clínicas odontológicas, medicina estética y med spas.","DigitalFace instala y opera la pauta, el seguimiento inmediato, las conversaciones bilingües con IA y el agendamiento de clínicas odontológicas, medicina estética y med spas en Estados Unidos y Latinoamérica. Agenda una llamada y míralo con tus números.",Agenda una llamada,unchanged,Metadata only. Spanish is already transcreated rather than translated.,"OK: en / es / x-default, reciprocal",No change needed.,No,Spanish copy uses neutral LATAM vocabulary (pauta / agendamiento) rather than Spain-specific terms.
/features,client/i18n/content/features.ts,en,Service pillar,Indexable,https://digitalfacemarketing.com/features,patient acquisition and follow-up system,Informational-commercial,Sales System | DigitalFace Marketing,Patient Acquisition & Follow-Up System | DigitalFace Marketing,The DigitalFace Sales System,The DigitalFace Sales System: from patient inquiry to booked appointment,"The seven modules of the DigitalFace Sales System: paid traffic, lead capture, instant follow-up, booking, CRM, recovery and ongoing optimization.","How the DigitalFace system captures every patient inquiry and turns it into a booked appointment: paid traffic, lead capture, instant follow-up, booking, CRM, recovery and ongoing optimization.",Book a call,unchanged,H1 keeps the brand term but now states the page subject.,"OK: en / es / x-default, reciprocal",Now receives contextual links from all three industry funnels.,No,Old H1 was brand-only and carried no search subject.
/es/features,client/i18n/content/features.ts,es,Service pillar,Indexable,https://digitalfacemarketing.com/es/features,sistema de captación de pacientes,Informational-commercial,Sistema de Ventas | DigitalFace Marketing,Sistema de Captación y Seguimiento de Pacientes | DigitalFace Marketing,El Sistema de Ventas DigitalFace,El Sistema de Ventas DigitalFace: de la consulta del paciente a la cita agendada,"Los siete módulos del Sistema de Ventas DigitalFace: pauta digital, captura de contactos, respuesta inmediata, agendamiento, CRM, recuperación y optimización continua.","Cómo el sistema DigitalFace captura cada consulta de paciente y la convierte en una cita agendada: pauta digital, captura de contactos, respuesta inmediata, agendamiento, CRM, recuperación y optimización continua.",Agenda una llamada,unchanged,Same treatment as EN.,"OK: en / es / x-default, reciprocal",Now receives contextual links from all three Spanish funnels.,No,Brand term "Sistema de Ventas" deliberately preserved.
/industries/dental-practices,client/pages/industries/industryContent.en.ts,en,Industry landing,Indexable,https://digitalfacemarketing.com/industries/dental-practices,dental marketing / dental patient acquisition,Commercial,Dental Practice Growth System | DigitalFace Marketing,Dental Marketing & Patient Acquisition | DigitalFace Marketing,Turn more dental inquiries into booked consultations.,unchanged,"Turn implant, veneer and treatment inquiries into organized consultations with managed acquisition, bilingual AI follow-up and booking workflows.","Turn implant, veneer and smile-design inquiries into booked consultations. DigitalFace runs the advertising, bilingual AI follow-up and booking workflow for dental practices in the US and Latin America.",Book assessment,unchanged,Metadata + outbound internal links + schema.,"OK: en / es / x-default, reciprocal","Fixed: footer now links to /, /features, /pricing and the two sibling funnels.",No,"Old title used the internal name ""Growth System"", which nobody searches for."
/es/industries/dental-practices,client/pages/industries/industryContent.es.ts,es,Industry landing,Indexable,https://digitalfacemarketing.com/es/industries/dental-practices,marketing para clínicas dentales,Commercial,Sistema de crecimiento para clínicas dentales | DigitalFace,Marketing para Clínicas Dentales y Captación de Pacientes | DigitalFace Marketing,Convierte más consultas dentales en valoraciones agendadas.,unchanged,"Convierte consultas de implantes, carillas y tratamientos en valoraciones organizadas con captación administrada, seguimiento bilingüe con IA y agendamiento.","Convierte las consultas de implantes, carillas y diseño de sonrisa en valoraciones agendadas. DigitalFace opera la pauta, el seguimiento bilingüe con IA y el agendamiento de clínicas odontológicas en Estados Unidos y Latinoamérica.",Agendar diagnóstico,unchanged,Metadata + outbound internal links + schema.,"OK: en / es / x-default, reciprocal",Fixed: same footer link block as EN.,No,Brand suffix aligned to "| DigitalFace Marketing" across both locales.
/industries/aesthetic-medicine,client/pages/industries/industryContent.en.ts,en,Industry landing,Indexable,https://digitalfacemarketing.com/industries/aesthetic-medicine,aesthetic medicine marketing / plastic surgery patient acquisition,Commercial,Aesthetic Medicine Growth System | DigitalFace Marketing,Aesthetic Medicine Marketing & Patient Acquisition | DigitalFace Marketing,Turn procedure interest into qualified consultation opportunities.,unchanged,"Turn procedure interest into qualified consultations with managed acquisition, bilingual AI communication and appointment workflows.","Turn procedure interest into qualified consultations. DigitalFace runs the advertising, bilingual AI communication and appointment workflow for aesthetic medicine and plastic surgery practices, while clinical decisions stay with your team.",Book assessment,unchanged,Metadata + outbound internal links + schema.,"OK: en / es / x-default, reciprocal",Fixed: footer link block added.,No,"Description now carries the ""clinical decisions stay with your team"" boundary, which is a real objection for this buyer."
/es/industries/aesthetic-medicine,client/pages/industries/industryContent.es.ts,es,Industry landing,Indexable,https://digitalfacemarketing.com/es/industries/aesthetic-medicine,marketing para medicina estética,Commercial,Sistema de crecimiento en medicina estética | DigitalFace,Marketing para Medicina Estética y Captación de Pacientes | DigitalFace Marketing,Convierte el interés por un procedimiento en valoraciones calificadas.,unchanged,"Convierte el interés por un procedimiento en valoraciones calificadas con captación administrada, comunicación bilingüe con IA y gestión de citas.","Convierte el interés por un procedimiento en valoraciones calificadas. DigitalFace opera la pauta, la comunicación bilingüe con IA y la gestión de citas de centros de medicina estética y cirugía plástica, mientras las decisiones clínicas siguen en tu equipo.",Agendar diagnóstico,unchanged,Metadata + outbound internal links + schema.,"OK: en / es / x-default, reciprocal",Fixed: footer link block added.,No,Covers "cirugía plástica" as a secondary term without a duplicate page.
/industries/med-spas,client/pages/industries/industryContent.en.ts,en,Industry landing,Indexable,https://digitalfacemarketing.com/industries/med-spas,med spa marketing / med spa booking system,Commercial,Med Spa Growth System | DigitalFace Marketing,Med Spa Marketing & Booking System | DigitalFace Marketing,Turn treatment interest into booked and returning clients.,unchanged,"Turn treatment interest into booked and returning clients with managed advertising, AI booking, reactivation and review workflows.","Turn treatment interest into booked and returning clients. DigitalFace runs the advertising, AI booking, membership reactivation and review workflow for med spas in the US and Latin America.",Book assessment,unchanged,Metadata + outbound internal links + schema.,"OK: en / es / x-default, reciprocal",Fixed: footer link block added.,No,Retention/reactivation angle is what separates this page from the other two funnels.
/es/industries/med-spas,client/pages/industries/industryContent.es.ts,es,Industry landing,Indexable,https://digitalfacemarketing.com/es/industries/med-spas,marketing para med spas,Commercial,Sistema de crecimiento para med spas | DigitalFace,Marketing para Med Spas y Agendamiento de Citas | DigitalFace Marketing,Convierte el interés por un tratamiento en clientes que agendan y regresan.,unchanged,"Convierte el interés por un tratamiento en clientes que agendan y regresan, con pauta administrada, agendamiento con IA, reactivación y reseñas.","Convierte el interés por un tratamiento en clientes que agendan y regresan. DigitalFace opera la pauta, el agendamiento con IA, la reactivación de membresías y las reseñas de med spas en Estados Unidos y Latinoamérica.",Agendar diagnóstico,unchanged,Metadata + outbound internal links + schema.,"OK: en / es / x-default, reciprocal",Fixed: footer link block added.,No,"""Med spa"" kept untranslated because that is the term the LATAM market searches."
/pay-per-service,client/i18n/content/payPerService.ts,en,Service catalog,Indexable,https://digitalfacemarketing.com/pay-per-service,marketing and automation services for clinics,Commercial,Pay per Service | DigitalFace Marketing,Marketing & Automation Services for Clinics | DigitalFace Marketing,"Take the one piece you need, without the bundle.",unchanged,"Hire a single DigitalFace capability at a time: advertising, automation, chatbots, CRM, reporting, websites and funnels.","Hire one DigitalFace capability at a time instead of a full system: Meta and Google ads, chatbots, workflow automation, CRM setup, reporting, websites and funnels.",Book a call,unchanged,Metadata only.,"OK: en / es / x-default, reciprocal","Already receives mega-menu links to ~20 anchors. See HUMAN-REVIEW: these anchors are a candidate for real sub-pages.",No,"Old title (""Pay per Service"") was an internal pricing-model label, not a search term."
/es/pay-per-service,client/i18n/content/payPerService.ts,es,Service catalog,Indexable,https://digitalfacemarketing.com/es/pay-per-service,servicios de marketing digital para clínicas,Commercial,Servicios por separado | DigitalFace Marketing,Servicios de Marketing y Automatización para Clínicas | DigitalFace Marketing,Llévate solo la pieza que necesitas.,unchanged,"Contrata una sola capacidad de DigitalFace a la vez: pauta digital, automatización, chatbots, CRM, reportes, sitios web y embudos.","Contrata una sola capacidad de DigitalFace a la vez en lugar del sistema completo: pauta en Meta y Google, chatbots, automatización de procesos, CRM, reportes, sitios web y embudos.",Agenda una llamada,unchanged,Metadata only.,"OK: en / es / x-default, reciprocal",Same as EN.,No,
/pricing,client/i18n/content/pricing.ts,en,Pricing,Indexable,https://digitalfacemarketing.com/pricing,clinic marketing pricing / plans,Commercial,Plans | DigitalFace Marketing,Plans & Pricing for Clinic Growth Systems | DigitalFace Marketing,Choose the system that fits where your practice is today,unchanged,"DigitalFace Capture, DigitalFace AI and DigitalFace Full Growth: what each plan includes, what it costs and what is billed separately.","DigitalFace Capture, DigitalFace AI and DigitalFace Full Growth for dental, aesthetic and med spa practices: what each plan includes, what it costs and what is billed separately.",Book a call,unchanged,Metadata only. Prices untouched.,"OK: en / es / x-default, reciprocal",Now receives contextual links from all three industry funnels.,No,"Adding ""Pricing"" matters: buyers search the word, and the old title omitted it."
/es/pricing,client/i18n/content/pricing.ts,es,Pricing,Indexable,https://digitalfacemarketing.com/es/pricing,precios marketing para clínicas,Commercial,Planes | DigitalFace Marketing,Planes y Precios para Clínicas | DigitalFace Marketing,Elige el sistema que corresponde al momento de tu clínica,unchanged,"DigitalFace Capture, DigitalFace AI y DigitalFace Full Growth: qué incluye cada plan, cuánto cuesta y qué se factura aparte.","DigitalFace Capture, DigitalFace AI y DigitalFace Full Growth para clínicas odontológicas, de medicina estética y med spas: qué incluye cada plan, cuánto cuesta y qué se factura aparte.",Agenda una llamada,unchanged,Metadata only. Prices untouched.,"OK: en / es / x-default, reciprocal",Same as EN.,No,
/about,client/i18n/content/about.ts,en,About,Indexable,https://digitalfacemarketing.com/about,about digitalface marketing,Brand / trust,About DigitalFace Marketing,About DigitalFace Marketing | Bilingual Patient Growth Team,We build and run your sales system.,unchanged,"Who we are, how we install the DigitalFace Sales System, and how we support the practices that run on it.","A bilingual team working from Miami and Cali that installs and runs patient acquisition, follow-up and booking systems for dental, aesthetic medicine and med spa practices.",Book a call,unchanged,Metadata only.,"OK: en / es / x-default, reciprocal",No change needed.,"Yes — see HUMAN-REVIEW (team size, founding year, certifications are all absent)",Miami/Cali claim is already published in the footer and on /contact.
/es/about,client/i18n/content/about.ts,es,About,Indexable,https://digitalfacemarketing.com/es/about,sobre digitalface marketing,Brand / trust,Sobre DigitalFace Marketing,Sobre DigitalFace Marketing | Equipo Bilingüe de Crecimiento,Construimos y operamos tu sistema de ventas.,unchanged,"Quiénes somos, cómo instalamos el Sistema de Ventas DigitalFace y cómo acompañamos a las clínicas que lo usan.","Un equipo bilingüe entre Miami y Cali que instala y opera sistemas de captación, seguimiento y agendamiento de pacientes para clínicas odontológicas, de medicina estética y med spas.",Agenda una llamada,unchanged,Metadata only.,"OK: en / es / x-default, reciprocal",No change needed.,Yes — same as EN,
/contact,client/i18n/content/contact.ts,en,Conversion,Indexable,https://digitalfacemarketing.com/contact,contact digitalface / book a call,Transactional,Contact DigitalFace Marketing,Contact DigitalFace Marketing | Book a Patient Growth Call,See the system running.,unchanged,Tell us about your practice and your current lead flow. We reply within one business day.,"Tell us about your practice and how patient inquiries reach you today. We map your follow-up flow and bring a plan to the call, and we reply within one business day.",Send request,unchanged,Metadata only. Form microcopy already states what happens next.,"OK: en / es / x-default, reciprocal",No change needed.,No,"""We reply within one business day"" is already published on the page and in the footer, so it is preserved rather than invented."
/es/contact,client/i18n/content/contact.ts,es,Conversion,Indexable,https://digitalfacemarketing.com/es/contact,contacto digitalface / agendar llamada,Transactional,Contacta a DigitalFace Marketing,Contacto | Agenda una Llamada con DigitalFace Marketing,Mira el sistema funcionando.,unchanged,Cuéntanos sobre tu clínica y cómo llegan tus consultas hoy. Respondemos en un día hábil.,"Cuéntanos sobre tu clínica y cómo llegan tus consultas de pacientes hoy. Mapeamos tu flujo de seguimiento y llegamos a la llamada con un plan. Respondemos en un día hábil.",Enviar solicitud,unchanged,Metadata only.,"OK: en / es / x-default, reciprocal",No change needed.,No,
/privacy,client/i18n/content/legal.ts,en,Legal,Indexable,https://digitalfacemarketing.com/privacy,digitalface privacy policy,Informational,unchanged,unchanged,unchanged,unchanged,unchanged,unchanged,n/a,n/a,No edit. Legal copy deliberately untouched.,"OK: en / es / x-default, reciprocal",No change needed.,No,Legally sensitive; excluded from copy work by the guardrails.
/es/privacy,client/i18n/content/legal.ts,es,Legal,Indexable,https://digitalfacemarketing.com/es/privacy,política de privacidad digitalface,Informational,unchanged,unchanged,unchanged,unchanged,unchanged,unchanged,n/a,n/a,No edit.,"OK: en / es / x-default, reciprocal",No change needed.,No,
/terms,client/i18n/content/legal.ts,en,Legal,Indexable,https://digitalfacemarketing.com/terms,digitalface terms of service,Informational,unchanged,unchanged,unchanged,unchanged,unchanged,unchanged,n/a,n/a,No edit.,"OK: en / es / x-default, reciprocal",No change needed.,No,
/es/terms,client/i18n/content/legal.ts,es,Legal,Indexable,https://digitalfacemarketing.com/es/terms,términos del servicio digitalface,Informational,unchanged,unchanged,unchanged,unchanged,unchanged,unchanged,n/a,n/a,No edit.,"OK: en / es / x-default, reciprocal",No change needed.,No,
(catch-all 404),client/pages/NotFound.tsx,en+es,Error,"Was indexable (HTTP 200 + no directive); now noindex, follow",n/a,none,n/a,Page not found | DigitalFace Marketing,unchanged,We could not find that page,unchanged,unchanged,unchanged,Back to home,unchanged,Added noindex directive.,Not applicable to an error page,Links to home and contact.,No,"P0 fix: the SPA answers unknown URLs with HTTP 200, so any stale or mistyped link was an indexable soft 404."
